{"cameraMode":{"drawMode":0,"name":"Shaded","section":"Shading Mode"},"sceneLighting":true,"audioPlay":false,"sceneViewState":{"showFog":true,"showMaterialUpdate":false,"showSkybox":true,"showFlares":true,"showImageEffects":true,"showParticleSystems":true},"in2DMode":false,"pivot":{"x":-1.0882585048675538,"y":4.285711765289307,"z":-11.635854721069336},"rotation":{"x":0.000012894224710180424,"y":0.9999817609786987,"z":0.005999821238219738,"w":-0.002102070255205035},"size":0.6129238605499268,"orthographic":false}