{"cameraMode":{"drawMode":0,"name":"Shaded","section":"Shading Mode"},"sceneLighting":true,"audioPlay":false,"sceneViewState":{"showFog":true,"showMaterialUpdate":false,"showSkybox":true,"showFlares":true,"showImageEffects":true,"showParticleSystems":true},"in2DMode":false,"pivot":{"x":-16.477874755859376,"y":4.248508453369141,"z":-6.997631072998047},"rotation":{"x":-0.13441801071166993,"y":0.8615933060646057,"z":-0.387868195772171,"w":-0.29858875274658205},"size":19.51957130432129,"orthographic":false}